player,avg_survival_pct,avg_coins,num_games
A,54.54545454545454,2.090909090909091,11
B,90.9090909090909,2.272727272727273,11
C,90.9090909090909,2.4545454545454546,11
D,72.72727272727273,2.909090909090909,11
