player,avg_survival_pct,avg_coins,num_games
A,90.9090909090909,3.3636363636363638,11
B,90.9090909090909,2.5454545454545454,11
C,72.72727272727273,2.1818181818181817,11
D,81.81818181818183,3.272727272727273,11
