player,avg_survival_pct,avg_coins,num_games
A,100.0,2.909090909090909,11
B,90.9090909090909,3.6363636363636362,11
C,90.9090909090909,2.727272727272727,11
D,100.0,4.0,11
