player,avg_survival_pct,avg_coins,num_games
A,54.54545454545454,2.1818181818181817,11
B,100.0,2.090909090909091,11
C,54.54545454545454,1.6363636363636365,11
D,54.54545454545454,2.1818181818181817,11
