player,avg_survival_pct,avg_coins,num_games
A,45.45454545454545,1.2727272727272727,11
B,54.54545454545454,1.0909090909090908,11
C,36.36363636363637,0.9090909090909091,11
D,27.27272727272727,1.0909090909090908,11
