player,avg_survival_pct,avg_coins,num_games
A,81.81818181818183,3.090909090909091,11
B,100.0,3.090909090909091,11
C,90.9090909090909,3.1818181818181817,11
D,90.9090909090909,3.6363636363636362,11
