player,avg_survival_pct,avg_coins,num_games
A,90.9090909090909,3.4545454545454546,11
B,81.81818181818183,2.5454545454545454,11
C,81.81818181818183,2.4545454545454546,11
D,100.0,4.0,11
