player,avg_survival_pct,avg_coins,num_games
A,100.0,2.7142857142857144,7
B,71.42857142857143,2.857142857142857,7
C,85.71428571428571,2.2857142857142856,7
D,85.71428571428571,3.4285714285714284,7
