model,iid_dcorrect,iid_dwrong,smooth,1strike_postfail,smooth_minus_iid,1strike_minus_iid
Opus,1.2,0.7,0.17142857142857143,0.52,-1.0285714285714285,-0.6799999999999999
Sonnet,1.35,1.6,0.22857142857142856,0.54,-1.1214285714285714,-0.81
GPT-5.1,0.0,0.9,0.06,0.56,0.06,0.56
GPT-5.4-mini,0.1,1.1,0.02857142857142857,0.46,-0.07142857142857144,0.36
Gemini Pro,0.0,0.8,0.0,0.76,0.0,0.76
Gemini Flash,2.1,1.7,1.1142857142857143,1.12,-0.9857142857142858,-0.98
