player,avg_survival_pct,avg_coins,num_games
A,90.9090909090909,2.727272727272727,11
B,90.9090909090909,3.5454545454545454,11
C,90.9090909090909,2.727272727272727,11
D,81.81818181818183,3.272727272727273,11
