player,avg_survival_pct,avg_coins,num_games
A,100.0,2.857142857142857,7
B,100.0,3.0,7
C,85.71428571428571,3.142857142857143,7
D,85.71428571428571,3.4285714285714284,7
