player,avg_survival_pct,avg_coins,num_games
A,63.63636363636363,2.3636363636363638,11
B,81.81818181818183,2.727272727272727,11
C,63.63636363636363,2.0,11
D,81.81818181818183,3.272727272727273,11
