player,avg_survival_pct,avg_coins,num_games
A,36.36363636363637,0.5454545454545454,11
B,9.090909090909092,0.09090909090909091,11
C,45.45454545454545,0.45454545454545453,11
D,9.090909090909092,0.36363636363636365,11
