player,avg_survival_pct,avg_coins,num_games
A,90.9090909090909,3.6363636363636362,11
B,90.9090909090909,3.272727272727273,11
C,100.0,3.5454545454545454,11
D,90.9090909090909,3.6363636363636362,11
