player,avg_survival_pct,avg_coins,num_games
A,42.857142857142854,0.8571428571428571,7
B,42.857142857142854,0.42857142857142855,7
C,42.857142857142854,0.8571428571428571,7
D,28.57142857142857,1.1428571428571428,7
