player,avg_survival_pct,avg_coins,num_games
A,81.81818181818183,3.0,11
B,72.72727272727273,2.090909090909091,11
C,72.72727272727273,2.6363636363636362,11
D,81.81818181818183,3.272727272727273,11
