player,avg_survival_pct,avg_coins,num_games
A,81.81818181818183,3.272727272727273,11
B,100.0,2.8181818181818183,11
C,90.9090909090909,3.3636363636363638,11
D,100.0,4.0,11
