player,avg_survival_pct,avg_coins,num_games
A,85.71428571428571,2.4285714285714284,7
B,85.71428571428571,3.142857142857143,7
C,100.0,2.7142857142857144,7
D,71.42857142857143,2.857142857142857,7
