player,avg_survival_pct,avg_coins,num_games
A,72.72727272727273,2.1818181818181817,11
B,63.63636363636363,2.4545454545454546,11
C,100.0,2.6363636363636362,11
D,90.9090909090909,3.6363636363636362,11
