player,avg_survival_pct,avg_coins,num_games
A,81.81818181818183,2.4545454545454546,11
B,81.81818181818183,3.272727272727273,11
C,90.9090909090909,3.4545454545454546,11
D,90.9090909090909,3.6363636363636362,11
