player,avg_survival_pct,avg_coins,num_games
A,100.0,3.5454545454545454,11
B,72.72727272727273,2.727272727272727,11
C,100.0,3.4545454545454546,11
D,81.81818181818183,3.272727272727273,11
