player,avg_survival_pct,avg_coins,num_games
A,90.9090909090909,2.6363636363636362,11
B,90.9090909090909,3.272727272727273,11
C,90.9090909090909,3.5454545454545454,11
D,100.0,4.0,11
