player,avg_survival_pct,avg_coins,num_games
A,81.81818181818183,2.1818181818181817,11
B,81.81818181818183,2.1818181818181817,11
C,72.72727272727273,2.727272727272727,11
D,72.72727272727273,2.909090909090909,11
