player,avg_survival_pct,avg_coins,num_games
A,100.0,3.272727272727273,11
B,72.72727272727273,2.727272727272727,11
C,81.81818181818183,2.272727272727273,11
D,90.9090909090909,3.6363636363636362,11
