player,avg_survival_pct,avg_coins,num_games
A,81.81818181818183,3.0,11
B,90.9090909090909,3.4545454545454546,11
C,90.9090909090909,3.0,11
D,100.0,4.0,11
