player,avg_survival_pct,avg_coins,num_games
A,81.81818181818183,2.4545454545454546,11
B,63.63636363636363,2.0,11
C,81.81818181818183,2.909090909090909,11
D,81.81818181818183,3.272727272727273,11
