player,avg_survival_pct,avg_coins,num_games
A,45.45454545454545,1.3636363636363635,11
B,81.81818181818183,1.8181818181818181,11
C,63.63636363636363,2.0,11
D,45.45454545454545,1.8181818181818181,11
