player,avg_survival_pct,avg_coins,num_games
A,54.54545454545454,1.8181818181818181,11
B,81.81818181818183,2.8181818181818183,11
C,81.81818181818183,2.8181818181818183,11
D,90.9090909090909,3.6363636363636362,11
