player,avg_survival_pct,avg_coins,num_games
A,63.63636363636363,2.3636363636363638,11
B,90.9090909090909,2.272727272727273,11
C,81.81818181818183,2.5454545454545454,11
D,90.9090909090909,3.6363636363636362,11
