player,avg_survival_pct,avg_coins,num_games
A,85.71428571428571,3.142857142857143,7
B,85.71428571428571,3.2857142857142856,7
C,100.0,3.2857142857142856,7
D,85.71428571428571,3.4285714285714284,7
