player,avg_survival_pct,avg_coins,num_games
A,18.181818181818183,0.18181818181818182,11
B,27.27272727272727,0.45454545454545453,11
C,45.45454545454545,0.6363636363636364,11
D,0.0,0.0,11
