player,avg_survival_pct,avg_coins,num_games
A,90.9090909090909,2.6363636363636362,11
B,100.0,3.1818181818181817,11
C,81.81818181818183,3.272727272727273,11
D,81.81818181818183,3.272727272727273,11
