player,avg_survival_pct,avg_coins,num_games
A,90.9090909090909,3.272727272727273,11
B,90.9090909090909,3.0,11
C,54.54545454545454,2.1818181818181817,11
D,90.9090909090909,3.6363636363636362,11
