player,avg_survival_pct,avg_coins,num_games
A,72.72727272727273,2.272727272727273,11
B,54.54545454545454,1.6363636363636365,11
C,90.9090909090909,2.1818181818181817,11
D,54.54545454545454,2.1818181818181817,11
