matching_key,prefix_before,prefix_after,mean_before,std_before,n_before,mean_after,std_after,n_after,treatment_effect,cohens_d,t_statistic,p_value,prob_effect
none_reflection_max,trust_converge_none_reflection_max,rough_start_none_reflection_max,9.727272727272728,0.4670993664969138,11,9.0,1.6641005886756874,14,-0.7272727272727284,-0.5644596696086617,-1.558945840903069,0.14090304957377953,0.3369597757779601
none_none_max,trust_converge_none_none_max,rough_start_none_none_max,5.6,0.8432740427115678,10,5.571428571428571,2.344036154692477,14,-0.02857142857142847,-0.015190559377100498,-0.04196348828154414,0.968217091291002,0.49542448451347465
high_reflection_max,trust_converge_high_reflection_max,rough_start_high_reflection_max,16.0,0.0,7,14.25,0.4629100498862757,8,-1.75,-5.151860505357911,-10.692676621563628,0.0,7.827821441880323e-05
high_none_max,trust_converge_high_none_max,rough_start_high_none_max,16.0,0.0,10,15.666666666666666,0.5,9,-0.3333333333333339,-0.9718253158075517,-2.0000000000000036,0.07044042927208749,0.2524925375469225
