player,avg_survival_pct,avg_coins,num_games
A,72.72727272727273,2.090909090909091,11
B,72.72727272727273,2.090909090909091,11
C,72.72727272727273,2.0,11
D,63.63636363636363,2.5454545454545454,11
