player,avg_survival_pct,avg_coins,num_games
A,72.72727272727273,2.0,11
B,63.63636363636363,2.272727272727273,11
C,81.81818181818183,2.3636363636363638,11
D,81.81818181818183,3.272727272727273,11
