player,avg_survival_pct,avg_coins,num_games
A,72.72727272727273,2.1818181818181817,11
B,90.9090909090909,2.5454545454545454,11
C,72.72727272727273,2.272727272727273,11
D,72.72727272727273,2.909090909090909,11
