player,avg_survival_pct,avg_coins,num_games
A,85.71428571428571,3.0,7
B,85.71428571428571,3.142857142857143,7
C,85.71428571428571,2.5714285714285716,7
D,85.71428571428571,3.4285714285714284,7
