player,avg_survival_pct,avg_coins,num_games
A,100.0,3.7142857142857144,7
B,100.0,3.5714285714285716,7
C,71.42857142857143,2.857142857142857,7
D,100.0,4.0,7
