player,avg_survival_pct,avg_coins,num_games
A,81.81818181818183,2.5454545454545454,11
B,81.81818181818183,2.4545454545454546,11
C,72.72727272727273,2.272727272727273,11
D,72.72727272727273,2.909090909090909,11
