player,avg_survival_pct,avg_coins,num_games
A,90.9090909090909,3.6363636363636362,11
B,100.0,2.8181818181818183,11
C,90.9090909090909,3.5454545454545454,11
D,90.9090909090909,3.6363636363636362,11
