player,avg_survival_pct,avg_coins,num_games
A,54.54545454545454,1.9090909090909092,11
B,72.72727272727273,2.090909090909091,11
C,81.81818181818183,2.3636363636363638,11
D,72.72727272727273,2.909090909090909,11
