player,avg_survival_pct,avg_coins,num_games
A,54.54545454545454,1.9090909090909092,11
B,72.72727272727273,2.4545454545454546,11
C,90.9090909090909,2.3636363636363638,11
D,81.81818181818183,3.272727272727273,11
