player,avg_survival_pct,avg_coins,num_games
A,63.63636363636363,1.3636363636363635,11
B,63.63636363636363,1.3636363636363635,11
C,72.72727272727273,2.1818181818181817,11
D,36.36363636363637,1.4545454545454546,11
