player,avg_survival_pct,avg_coins,num_games
A,81.81818181818183,2.8181818181818183,11
B,90.9090909090909,2.1818181818181817,11
C,90.9090909090909,2.6363636363636362,11
D,63.63636363636363,2.5454545454545454,11
