player,avg_survival_pct,avg_coins,num_games
A,81.81818181818183,2.909090909090909,11
B,81.81818181818183,2.3636363636363638,11
C,81.81818181818183,2.3636363636363638,11
D,90.9090909090909,3.6363636363636362,11
