player,avg_survival_pct,avg_coins,num_games
A,28.57142857142857,0.2857142857142857,7
B,28.57142857142857,0.2857142857142857,7
C,57.14285714285714,0.8571428571428571,7
D,14.285714285714285,0.5714285714285714,7
