player,avg_survival_pct,avg_coins,num_games
A,81.81818181818183,2.272727272727273,11
B,54.54545454545454,2.090909090909091,11
C,90.9090909090909,2.6363636363636362,11
D,100.0,4.0,11
