player,avg_survival_pct,avg_coins,num_games
A,42.857142857142854,1.0,7
B,71.42857142857143,1.7142857142857142,7
C,42.857142857142854,1.4285714285714286,7
D,57.14285714285714,2.2857142857142856,7
