player,avg_survival_pct,avg_coins,num_games
A,72.72727272727273,1.6363636363636365,11
B,72.72727272727273,2.272727272727273,11
C,63.63636363636363,1.8181818181818181,11
D,72.72727272727273,2.909090909090909,11
