player,avg_survival_pct,avg_coins,num_games
A,63.63636363636363,2.5454545454545454,11
B,81.81818181818183,2.5454545454545454,11
C,100.0,2.6363636363636362,11
D,72.72727272727273,2.909090909090909,11
