player,avg_survival_pct,avg_coins,num_games
A,90.9090909090909,2.3636363636363638,11
B,63.63636363636363,1.4545454545454546,11
C,81.81818181818183,2.4545454545454546,11
D,54.54545454545454,2.1818181818181817,11
