player,avg_survival_pct,avg_coins,num_games
A,18.181818181818183,0.18181818181818182,11
B,45.45454545454545,0.9090909090909091,11
C,45.45454545454545,0.9090909090909091,11
D,36.36363636363637,1.4545454545454546,11
