player,avg_survival_pct,avg_coins,num_games
A,72.72727272727273,2.272727272727273,11
B,81.81818181818183,2.0,11
C,63.63636363636363,1.8181818181818181,11
D,63.63636363636363,2.5454545454545454,11
