player,avg_survival_pct,avg_coins,num_games
A,54.54545454545454,1.3636363636363635,11
B,63.63636363636363,1.7272727272727273,11
C,63.63636363636363,1.5454545454545454,11
D,63.63636363636363,2.5454545454545454,11
