player,avg_survival_pct,avg_coins,num_games
A,100.0,2.4545454545454546,11
B,72.72727272727273,2.1818181818181817,11
C,72.72727272727273,2.8181818181818183,11
D,72.72727272727273,2.909090909090909,11
