player,avg_survival_pct,avg_coins,num_games
A,85.71428571428571,3.2857142857142856,7
B,85.71428571428571,3.0,7
C,85.71428571428571,2.4285714285714284,7
D,100.0,4.0,7
