player,avg_survival_pct,avg_coins,num_games
A,72.72727272727273,2.090909090909091,11
B,81.81818181818183,2.3636363636363638,11
C,72.72727272727273,2.090909090909091,11
D,36.36363636363637,1.4545454545454546,11
