player,avg_survival_pct,avg_coins,num_games
A,81.81818181818183,2.909090909090909,11
B,81.81818181818183,2.8181818181818183,11
C,100.0,2.727272727272727,11
D,63.63636363636363,2.5454545454545454,11
