player,avg_survival_pct,avg_coins,num_games
A,36.36363636363637,0.8181818181818182,11
B,27.27272727272727,0.45454545454545453,11
C,54.54545454545454,0.5454545454545454,11
D,18.181818181818183,0.7272727272727273,11
