player,avg_survival_pct,avg_coins,num_games
A,100.0,4.0,7
B,100.0,3.7142857142857144,7
C,100.0,3.7142857142857144,7
D,100.0,4.0,7
