player,avg_survival_pct,avg_coins,num_games
A,18.181818181818183,0.18181818181818182,11
B,27.27272727272727,0.5454545454545454,11
C,54.54545454545454,0.5454545454545454,11
D,0.0,0.0,11
