player,avg_survival_pct,avg_coins,num_games
A,63.63636363636363,1.9090909090909092,11
B,81.81818181818183,1.6363636363636365,11
C,45.45454545454545,1.0,11
D,54.54545454545454,2.1818181818181817,11
