player,avg_survival_pct,avg_coins,num_games
A,85.71428571428571,3.4285714285714284,7
B,100.0,2.7142857142857144,7
C,85.71428571428571,2.5714285714285716,7
D,85.71428571428571,3.4285714285714284,7
