player,avg_survival_pct,avg_coins,num_games
A,71.42857142857143,2.857142857142857,7
B,71.42857142857143,2.857142857142857,7
C,100.0,2.7142857142857144,7
D,100.0,4.0,7
