player,avg_survival_pct,avg_coins,num_games
A,45.45454545454545,1.1818181818181819,11
B,81.81818181818183,2.0,11
C,81.81818181818183,2.4545454545454546,11
D,63.63636363636363,2.5454545454545454,11
