player,avg_survival_pct,avg_coins,num_games
A,90.9090909090909,2.4545454545454546,11
B,72.72727272727273,2.6363636363636362,11
C,72.72727272727273,2.272727272727273,11
D,81.81818181818183,3.272727272727273,11
