player,avg_survival_pct,avg_coins,num_games
A,100.0,2.727272727272727,11
B,81.81818181818183,3.272727272727273,11
C,100.0,2.8181818181818183,11
D,81.81818181818183,3.272727272727273,11
