player,avg_survival_pct,avg_coins,num_games
A,100.0,3.857142857142857,7
B,100.0,3.857142857142857,7
C,85.71428571428571,3.4285714285714284,7
D,100.0,4.0,7
